Workbook

Sheet 00_Instrucciones
A1: AUMOVIO Ejercicios Excel Manejo y Organizacion de Datos
A2: Capacitacion para ingenieros nivel intermedio 6 ejercicios practicos
A4: Como usar este libro
A6: 1. | B6: Lee las INSTRUCCIONES | C6: Cada ejercicio explica el objetivo, los datos y los pasos sugeridos.
A7: 2. | B7: Trabaja en la hoja de EJERCICIO | C7: Las celdas en amarillo son las que debes completar.
A8: 3. | B8: Verifica con la hoja SOLUCION | C8: Esta oculta o al final abrela solo despues de intentarlo.
A9: 4. | B9: Pregunta si te atoras | C9: Equipo de Data Governance data.governance@aumovio.com
A12: Indice de ejercicios
A13: Ej 1 | B13: Nomenclatura ISO con formulas | C13: Construir nombres de archivo estandar (TEXTO, CONCAT, DERECHA, IZQUIERDA)
A14: Ej 2 | B14: Limpieza de datos sucios | C14: Quitar espacios, normalizar mayusculas, sustituir caracteres (ESPACIOS, LIMPIAR, SUSTITUIR, NOMPROPIO)
A15: Ej 3 | B15: Validacion de datos y listas | C15: Crear dropdowns y reglas (Datos > Validacion de datos)
A16: Ej 4 | B16: BUSCARX para cruce de catalogos | C16: Cruzar Work Center con linea/planta (BUSCARX, SI.ERROR)
A17: Ej 5 | B17: Detectar duplicados y anomalias | C17: Formato condicional + CONTAR.SI + reglas con formula
A18: Ej 6 | B18: Tabla dinamica de calidad | C18: Construir Pivot por linea, turno y tipo de defecto

Sheet Ej1_Nomenclatura
A1: Ejercicio 1 Nomenclatura ISO con formulas
A2: Convertir datos sueltos en un nombre de archivo estandar y ordenable
A4: OBJETIVO: a partir de Fecha, Area, Proceso, Tipo, Version y Autor, construir el nombre estandar en la columna G con el patron: YYYY-MM-DD_Area_Proceso_Tipo_vNN_AUT.xlsx
A5: PASO 1: En G8 escribe la formula que arme el nombre. PASO 2: copiala hacia abajo. PISTA: =TEXTO(A8,"yyyy-mm-dd")&"_"&B8&"_"&C8&"_"&D8&"_v"&TEXTO(E8,"00")&"_"&F8&".xlsx"
A7: Fecha | B7: Area | C7: Proceso | D7: Tipo | E7: Version | F7: Autor | G7: Nombre estandar (formula aqui)
A8: 46154 | B8: Calidad | C8: LineaA03 | D8: FPY | E8: 1 | F8: JGM
A9: 46154 | B9: Calidad | C9: LineaA03 | D9: FPY | E9: 2 | F9: JGM
A10: 46161 | B10: Calidad | C10: LineaA03 | D10: Scrap | E10: 1 | F10: MLR
A11: 46163 | B11: Produccion | C11: LineaB07 | D11: OEE | E11: 1 | F11: RNH
A12: 46164 | B12: Mantenimiento | C12: LineaA03 | D12: Paro | E12: 3 | F12: EVT
A13: 46167 | B13: Logistica | C13: Almacen2 | D13: Inventario | E13: 1 | F13: CPM
A14: 46168 | B14: Ingenieria | C14: LineaC11 | D14: DOE | E14: 2 | F14: ASR
A15: 46168 | B15: Calidad | C15: LineaB07 | D15: CpCpk | E15: 1 | F15: JGM
A18: VERIFICA tu resultado contra la hoja Ej1_Solucion

Sheet Ej1_Solucion
A1: Solucion Ejercicio 1
A2: Patron: =TEXTO(A,"yyyy-mm-dd")&"_"&B&"_"&C&"_"&D&"_v"&TEXTO(E,"00")&"_"&F&".xlsx"
A4: Fecha | B4: Area | C4: Proceso | D4: Tipo | E4: Version | F4: Autor | G4: Nombre estandar (solucion)
A5: 46154 | B5: Calidad | C5: LineaA03 | D5: FPY | E5: 1 | F5: JGM | G5: =TEXT(A5,"yyyy-mm-dd")&"_"&B5&"_"&C5&"_"&D5&"_v"&TEXT(E5,"00")&"_"&F5&".xlsx"
A6: 46154 | B6: Calidad | C6: LineaA03 | D6: FPY | E6: 2 | F6: JGM | G6: =TEXT(A6,"yyyy-mm-dd")&"_"&B6&"_"&C6&"_"&D6&"_v"&TEXT(E6,"00")&"_"&F6&".xlsx"
A7: 46161 | B7: Calidad | C7: LineaA03 | D7: Scrap | E7: 1 | F7: MLR | G7: =TEXT(A7,"yyyy-mm-dd")&"_"&B7&"_"&C7&"_"&D7&"_v"&TEXT(E7,"00")&"_"&F7&".xlsx"
A8: 46163 | B8: Produccion | C8: LineaB07 | D8: OEE | E8: 1 | F8: RNH | G8: =TEXT(A8,"yyyy-mm-dd")&"_"&B8&"_"&C8&"_"&D8&"_v"&TEXT(E8,"00")&"_"&F8&".xlsx"
A9: 46164 | B9: Mantenimiento | C9: LineaA03 | D9: Paro | E9: 3 | F9: EVT | G9: =TEXT(A9,"yyyy-mm-dd")&"_"&B9&"_"&C9&"_"&D9&"_v"&TEXT(E9,"00")&"_"&F9&".xlsx"
A10: 46167 | B10: Logistica | C10: Almacen2 | D10: Inventario | E10: 1 | F10: CPM | G10: =TEXT(A10,"yyyy-mm-dd")&"_"&B10&"_"&C10&"_"&D10&"_v"&TEXT(E10,"00")&"_"&F10&".xlsx"
A11: 46168 | B11: Ingenieria | C11: LineaC11 | D11: DOE | E11: 2 | F11: ASR | G11: =TEXT(A11,"yyyy-mm-dd")&"_"&B11&"_"&C11&"_"&D11&"_v"&TEXT(E11,"00")&"_"&F11&".xlsx"
A12: 46168 | B12: Calidad | C12: LineaB07 | D12: CpCpk | E12: 1 | F12: JGM | G12: =TEXT(A12,"yyyy-mm-dd")&"_"&B12&"_"&C12&"_"&D12&"_v"&TEXT(E12,"00")&"_"&F12&".xlsx"

Sheet Ej2_Limpieza
A1: Ejercicio 2 Limpieza de datos sucios
A2: Normalizar nombres de operadores y codigos de Work Center
A4: OBJETIVO: limpiar los nombres de operadores (espacios extra, mayusculas inconsistentes) y normalizar los codigos de Work Center (quitar espacios, mayusculas, sustituir guiones).
A5: PISTAS: B = NOMPROPIO(ESPACIOS(LIMPIAR(A))). C = MAYUSC(SUSTITUIR(SUSTITUIR(ESPACIOS(A_codigo)," ",""),"-","_"))
A7: Nombre crudo | B7: Nombre limpio (formula aqui) | C7: W.C. crudo | D7: W.C. limpio (formula aqui)
A8: juan garcia | C8: 1112233
A9: MARIA LOPEZ | C9: 11-12-244
A10: rOSa martiNez | C10: wc 1112255
A11: pedro rios | C11: 1112266
A12: ana sanchez | C12: 11 12-277
A13: LUIS GOMEZ | C13: 1112-288
A14: carmen perez | C14: 11_12_299
A15: oscar cruz | C15: 1112300

Sheet Ej2_Solucion
A1: Solucion Ejercicio 2
A2: Combina LIMPIAR + ESPACIOS + NOMPROPIO/MAYUSC + SUSTITUIR
A4: Nombre crudo | B4: Nombre limpio | C4: W.C. crudo | D4: W.C. limpio
A5: juan garcia | B5: =PROPER(TRIM(CLEAN(A5))) | C5: 1112233 | D5: =UPPER(SUBSTITUTE(SUBSTITUTE(SUBSTITUTE(TRIM(CLEAN(C5))," ",""),"-","_"),"WC",""))
A6: MARIA LOPEZ | B6: =PROPER(TRIM(CLEAN(A6))) | C6: 11-12-244 | D6: =UPPER(SUBSTITUTE(SUBSTITUTE(SUBSTITUTE(TRIM(CLEAN(C6))," ",""),"-","_"),"WC",""))
A7: rOSa martiNez | B7: =PROPER(TRIM(CLEAN(A7))) | C7: wc 1112255 | D7: =UPPER(SUBSTITUTE(SUBSTITUTE(SUBSTITUTE(TRIM(CLEAN(C7))," ",""),"-","_"),"WC",""))
A8: pedro rios | B8: =PROPER(TRIM(CLEAN(A8))) | C8: 1112266 | D8: =UPPER(SUBSTITUTE(SUBSTITUTE(SUBSTITUTE(TRIM(CLEAN(C8))," ",""),"-","_"),"WC",""))
A9: ana sanchez | B9: =PROPER(TRIM(CLEAN(A9))) | C9: 11 12-277 | D9: =UPPER(SUBSTITUTE(SUBSTITUTE(SUBSTITUTE(TRIM(CLEAN(C9))," ",""),"-","_"),"WC",""))
A10: LUIS GOMEZ | B10: =PROPER(TRIM(CLEAN(A10))) | C10: 1112-288 | D10: =UPPER(SUBSTITUTE(SUBSTITUTE(SUBSTITUTE(TRIM(CLEAN(C10))," ",""),"-","_"),"WC",""))
A11: carmen perez | B11: =PROPER(TRIM(CLEAN(A11))) | C11: 11_12_299 | D11: =UPPER(SUBSTITUTE(SUBSTITUTE(SUBSTITUTE(TRIM(CLEAN(C11))," ",""),"-","_"),"WC",""))
A12: oscar cruz | B12: =PROPER(TRIM(CLEAN(A12))) | C12: 1112300 | D12: =UPPER(SUBSTITUTE(SUBSTITUTE(SUBSTITUTE(TRIM(CLEAN(C12))," ",""),"-","_"),"WC",""))

Sheet Ej3_Validacion
A1: Ejercicio 3 Validacion de datos y listas desplegables
A2: Configura dropdowns y reglas numericas para evitar capturas erroneas
A4: OBJETIVO: agrega validacion a la tabla de capturas para que solo se puedan elegir valores validos. Sin validacion la gente captura cualquier cosa.
A5: PASO 1: selecciona B8:B20 y ve a Datos > Validacion de datos > Lista > usa el rango J8:J11 (catalogo Plantas). PASO 2: en C8:C20 lista con K8:K11 (Areas). PASO 3: en E8:E20 numero entero entre 0 y 30 (torque Nm). PASO 4: en F8:F20 fecha entre 2026-01-01 y HOY().
A7: Operador | B7: Planta | C7: Area | D7: Linea | E7: Torque (Nm) | F7: Fecha | G7: OK? | J7: Catalogo Plantas | K7: Catalogo Areas
A8: J. Garcia | D8: A03 | G8: =IF(COUNTBLANK(B8:F8)=0,"OK","faltan datos") | J8: Aguascalientes | K8: Calidad
A9: M. Lopez | D9: B07 | G9: =IF(COUNTBLANK(B9:F9)=0,"OK","faltan datos") | J9: Silao | K9: Produccion
A10: R. Martinez | D10: A03 | G10: =IF(COUNTBLANK(B10:F10)=0,"OK","faltan datos") | J10: Reynosa | K10: Mantenimiento
A11: P. Rios | D11: C11 | G11: =IF(COUNTBLANK(B11:F11)=0,"OK","faltan datos") | J11: Saltillo | K11: Logistica
A12: A. Sanchez | D12: B07 | G12: =IF(COUNTBLANK(B12:F12)=0,"OK","faltan datos")

Sheet Ej4_Catalogo_WC
A1: Ejercicio 4 Catalogo de Work Centers (referencia)
A2: Este es el catalogo maestro. NO se edita se usa con BUSCARX.
A4: W.C. | B4: Linea | C4: Planta | D4: Tipo
A5: 1112233 | B5: LineaA03 | C5: Aguascalientes | D5: Ensamble
A6: 1112244 | B6: LineaA03 | C6: Aguascalientes | D6: Test
A7: 1112255 | B7: LineaB07 | C7: Aguascalientes | D7: Ensamble
A8: 1112266 | B8: LineaB07 | C8: Aguascalientes | D8: Soldadura
A9: 1112277 | B9: LineaC11 | C9: Silao | D9: Ensamble
A10: 1112288 | B10: LineaC11 | C10: Silao | D10: Pintura
A11: 1112299 | B11: LineaD22 | C11: Reynosa | D11: Ensamble
A12: 1112300 | B12: LineaD22 | C12: Reynosa | D12: Test
A13: 1112311 | B13: LineaE05 | C13: Saltillo | D13: Ensamble
A14: 1112322 | B14: LineaE05 | C14: Saltillo | D14: Empaque

Sheet Ej4_Mediciones
A1: Ejercicio 4 Mediciones por Work Center cruzar con catalogo
A2: Llena Linea, Planta y Tipo a partir del W.C. usando BUSCARX
A4: OBJETIVO: para cada medicion, traer Linea, Planta y Tipo desde la hoja Ej4_Catalogo_WC.
A5: PISTA: =BUSCARX(A8, Ej4_Catalogo_WC!$A$5:$A$14, Ej4_Catalogo_WC!$B$5:$B$14, "No encontrado") Cambia el rango devuelto para cada columna. SI usas Excel 2019 o anterior: BUSCARV(A8, Ej4_Catalogo_WC!$A$5:$D$14, 2, FALSO)
A7: W.C. | B7: Fecha | C7: Linea (formula) | D7: Planta (formula) | E7: Tipo (formula) | F7: Valor | G7: Nota
A8: 1112233 | B8: 46162 | F8: 8.5
A9: 1112277 | B9: 46162 | F9: 9.1
A10: 1112266 | B10: 46162 | F10: 7.4
A11: 1112322 | B11: 46163 | F11: 8.9
A12: 1112255 | B12: 46163 | F12: 6.2 | G12: valor bajo
A13: 1112299 | B13: 46163 | F13: 9.4
A14: 1112311 | B14: 46164 | F14: 8.3
A15: 1112244 | B15: 46164 | F15: 8.8
A16: 9999999 | B16: 46164 | F16: 7.1 | G16: WC inexistente debe dar 'No encontrado'
A17: 1112288 | B17: 46165 | F17: 8.6

Sheet Ej4_Solucion
A1: Solucion Ejercicio 4
A2: Con BUSCARX (Microsoft 365). Tambien funciona con BUSCARV.
A4: W.C. | B4: Fecha | C4: Linea | D4: Planta | E4: Tipo | F4: Valor
A5: 1112233 | B5: 46162 | C5: =XLOOKUP(A5,Ej4_Catalogo_WC!$A$5:$A$14,Ej4_Catalogo_WC!$B$5:$B$14,"No encontrado") | D5: =XLOOKUP(A5,Ej4_Catalogo_WC!$A$5:$A$14,Ej4_Catalogo_WC!$C$5:$C$14,"No encontrado") | E5: =XLOOKUP(A5,Ej4_Catalogo_WC!$A$5:$A$14,Ej4_Catalogo_WC!$D$5:$D$14,"No encontrado") | F5: 8.5
A6: 1112277 | B6: 46162 | C6: =XLOOKUP(A6,Ej4_Catalogo_WC!$A$5:$A$14,Ej4_Catalogo_WC!$B$5:$B$14,"No encontrado") | D6: =XLOOKUP(A6,Ej4_Catalogo_WC!$A$5:$A$14,Ej4_Catalogo_WC!$C$5:$C$14,"No encontrado") | E6: =XLOOKUP(A6,Ej4_Catalogo_WC!$A$5:$A$14,Ej4_Catalogo_WC!$D$5:$D$14,"No encontrado") | F6: 9.1
A7: 1112266 | B7: 46162 | C7: =XLOOKUP(A7,Ej4_Catalogo_WC!$A$5:$A$14,Ej4_Catalogo_WC!$B$5:$B$14,"No encontrado") | D7: =XLOOKUP(A7,Ej4_Catalogo_WC!$A$5:$A$14,Ej4_Catalogo_WC!$C$5:$C$14,"No encontrado") | E7: =XLOOKUP(A7,Ej4_Catalogo_WC!$A$5:$A$14,Ej4_Catalogo_WC!$D$5:$D$14,"No encontrado") | F7: 7.4
A8: 1112322 | B8: 46163 | C8: =XLOOKUP(A8,Ej4_Catalogo_WC!$A$5:$A$14,Ej4_Catalogo_WC!$B$5:$B$14,"No encontrado") | D8: =XLOOKUP(A8,Ej4_Catalogo_WC!$A$5:$A$14,Ej4_Catalogo_WC!$C$5:$C$14,"No encontrado") | E8: =XLOOKUP(A8,Ej4_Catalogo_WC!$A$5:$A$14,Ej4_Catalogo_WC!$D$5:$D$14,"No encontrado") | F8: 8.9
A9: 1112255 | B9: 46163 | C9: =XLOOKUP(A9,Ej4_Catalogo_WC!$A$5:$A$14,Ej4_Catalogo_WC!$B$5:$B$14,"No encontrado") | D9: =XLOOKUP(A9,Ej4_Catalogo_WC!$A$5:$A$14,Ej4_Catalogo_WC!$C$5:$C$14,"No encontrado") | E9: =XLOOKUP(A9,Ej4_Catalogo_WC!$A$5:$A$14,Ej4_Catalogo_WC!$D$5:$D$14,"No encontrado") | F9: 6.2
A10: 1112299 | B10: 46163 | C10: =XLOOKUP(A10,Ej4_Catalogo_WC!$A$5:$A$14,Ej4_Catalogo_WC!$B$5:$B$14,"No encontrado") | D10: =XLOOKUP(A10,Ej4_Catalogo_WC!$A$5:$A$14,Ej4_Catalogo_WC!$C$5:$C$14,"No encontrado") | E10: =XLOOKUP(A10,Ej4_Catalogo_WC!$A$5:$A$14,Ej4_Catalogo_WC!$D$5:$D$14,"No encontrado") | F10: 9.4
A11: 1112311 | B11: 46164 | C11: =XLOOKUP(A11,Ej4_Catalogo_WC!$A$5:$A$14,Ej4_Catalogo_WC!$B$5:$B$14,"No encontrado") | D11: =XLOOKUP(A11,Ej4_Catalogo_WC!$A$5:$A$14,Ej4_Catalogo_WC!$C$5:$C$14,"No encontrado") | E11: =XLOOKUP(A11,Ej4_Catalogo_WC!$A$5:$A$14,Ej4_Catalogo_WC!$D$5:$D$14,"No encontrado") | F11: 8.3
A12: 1112244 | B12: 46164 | C12: =XLOOKUP(A12,Ej4_Catalogo_WC!$A$5:$A$14,Ej4_Catalogo_WC!$B$5:$B$14,"No encontrado") | D12: =XLOOKUP(A12,Ej4_Catalogo_WC!$A$5:$A$14,Ej4_Catalogo_WC!$C$5:$C$14,"No encontrado") | E12: =XLOOKUP(A12,Ej4_Catalogo_WC!$A$5:$A$14,Ej4_Catalogo_WC!$D$5:$D$14,"No encontrado") | F12: 8.8
A13: 9999999 | B13: 46164 | C13: =XLOOKUP(A13,Ej4_Catalogo_WC!$A$5:$A$14,Ej4_Catalogo_WC!$B$5:$B$14,"No encontrado") | D13: =XLOOKUP(A13,Ej4_Catalogo_WC!$A$5:$A$14,Ej4_Catalogo_WC!$C$5:$C$14,"No encontrado") | E13: =XLOOKUP(A13,Ej4_Catalogo_WC!$A$5:$A$14,Ej4_Catalogo_WC!$D$5:$D$14,"No encontrado") | F13: 7.1
A14: 1112288 | B14: 46165 | C14: =XLOOKUP(A14,Ej4_Catalogo_WC!$A$5:$A$14,Ej4_Catalogo_WC!$B$5:$B$14,"No encontrado") | D14: =XLOOKUP(A14,Ej4_Catalogo_WC!$A$5:$A$14,Ej4_Catalogo_WC!$C$5:$C$14,"No encontrado") | E14: =XLOOKUP(A14,Ej4_Catalogo_WC!$A$5:$A$14,Ej4_Catalogo_WC!$D$5:$D$14,"No encontrado") | F14: 8.6

Sheet Ej5_Duplicados
A1: Ejercicio 5 Detectar duplicados y valores anomalos
A2: Usa formato condicional + CONTAR.SI para encontrar errores
A4: OBJETIVO 1: marca en rojo los Numeros de serie duplicados (col A). OBJETIVO 2: marca en amarillo los Torques fuera del rango 7.0 9.5 Nm (col D).
A5: PASO 1: selecciona A8:A30 > Inicio > Formato Condicional > Resaltar reglas > Valores Duplicados. PASO 2: selecciona D8:D30 > Formato Condicional > Nueva regla > Usar formula: =O(D8<7,D8>9.5) > formato amarillo.
A7: Numero serie | B7: Fecha | C7: Operador | D7: Torque (Nm) | E7: Resultado | F7: Veces (formula)
A8: SN-00012 | B8: 46162 | C8: JGM | D8: 8.5 | E8: OK | F8: =COUNTIF($A$8:$A$30,A8)
A9: SN-00013 | B9: 46162 | C9: JGM | D9: 9.7 | E9: OK | F9: =COUNTIF($A$8:$A$30,A9)
A10: SN-00014 | B10: 46162 | C10: MLR | D10: 7.2 | E10: OK | F10: =COUNTIF($A$8:$A$30,A10)
A11: SN-00015 | B11: 46162 | C11: MLR | D11: 8.6 | E11: OK | F11: =COUNTIF($A$8:$A$30,A11)
A12: SN-00012 | B12: 46163 | C12: RNH | D12: 8.4 | E12: OK | F12: =COUNTIF($A$8:$A$30,A12)
A13: SN-00016 | B13: 46163 | C13: RNH | D13: 6.8 | E13: RW | F13: =COUNTIF($A$8:$A$30,A13)
A14: SN-00017 | B14: 46163 | C14: EVT | D14: 8.1 | E14: OK | F14: =COUNTIF($A$8:$A$30,A14)
A15: SN-00018 | B15: 46163 | C15: EVT | D15: 8.9 | E15: OK | F15: =COUNTIF($A$8:$A$30,A15)
A16: SN-00019 | B16: 46164 | C16: CPM | D16: 8.7 | E16: OK | F16: =COUNTIF($A$8:$A$30,A16)
A17: SN-00015 | B17: 46164 | C17: CPM | D17: 8.6 | E17: OK | F17: =COUNTIF($A$8:$A$30,A17)
A18: SN-00020 | B18: 46164 | C18: JGM | D18: 10.1 | E18: RW | F18: =COUNTIF($A$8:$A$30,A18)
A19: SN-00021 | B19: 46164 | C19: JGM | D19: 8.3 | E19: OK | F19: =COUNTIF($A$8:$A$30,A19)
... A30: SN-00012 | B30: 46167 | C30: JGM | D30: 8.6 | E30: OK | F30: =COUNTIF($A$8:$A$30,A30)

Sheet Ej6_Calidad
A1: Ejercicio 6 Tabla dinamica de calidad
A2: Convierte estos datos planos en un Pivot que muestre % de defectos por linea y turno
A4: OBJETIVO: a partir de los datos de abajo, construir una tabla dinamica que muestre por linea y turno: (a) total de piezas, (b) total de defectos, (c) % defectos = defectos / piezas.
A5: PASOS: 1) Click en cualquier celda de los datos. 2) Insertar > Tabla dinamica > Nueva hoja. 3) FILAS: Linea. COLUMNAS: Turno. VALORES: Suma de Piezas, Suma de Defectos. 4) Agrega campo calculado: Pivot > Analizar > Campos > Campo calculado > Nombre '% Def' > Formula = Defectos / Piezas. 5) Da formato porcentaje a la columna.
A7: Fecha | B7: Linea | C7: Turno | D7: Tipo defecto | E7: Piezas | F7: Defectos
A8: 46143 | B8: LineaA03 | C8: T1 | D8: Soldadura | E8: 365 | F8: 16
A9: 46143 | B9: LineaA03 | C9: T2 | D9: Funcional | E9: 237 | F9: 5
A10: 46143 | B10: LineaA03 | C10: T3 | D10: Funcional | E10: 248 | F10: 6
A11: 46143 | B11: LineaB07 | C11: T1 | D11: Soldadura | E11: 309 | F11: 10
A12: 46143 | B12: LineaB07 | C12: T2 | D12: Soldadura | E12: 244 | F12: 6
A13: 46143 | B13: LineaB07 | C13: T3 | D13: Visual | E13: 482 | F13: 15
A14: 46143 | B14: LineaC11 | C14: T1 | D14: Pintura | E14: 230 | F14: 7
A15: 46143 | B15: LineaC11 | C15: T2 | D15: Funcional | E15: 522 | F15: 12
A16: 46143 | B16: LineaC11 | C16: T3 | D16: Pintura | E16: 231 | F16: 3
A17: 46143 | B17: LineaD22 | C17: T1 | D17: Funcional | E17: 223 | F17: 5
A18: 46143 | B18: LineaD22 | C18: T2 | D18: Soldadura | E18: 268 | F18: 7
A19: 46143 | B19: LineaD22 | C19: T3 | D19: Dimensional | E19: 492 | F19: 18
... A307: 46162 | B307: LineaE05 | C307: T3 | D307: Visual | E307: 272 | F307: 8
